window_type,bw_value,scope,mse,se
lowess,0.5,iowa,8.65770629135,112.550181788
lowess,0.1,iowa,11.46617542,149.06028046
lowess,0.15,iowa,10.2310882124,133.004146761
lowess,0.2,iowa,9.00679613629,117.088349772
lowess,0.25,iowa,8.07299600274,104.948948036
lowess,0.3,iowa,7.88724169664,102.534142056
lowess,0.35,iowa,8.55485709031,111.213142174
lowess,0.4,iowa,8.50506271695,110.56581532
